{
  "MapSet": {
    "2008": {
      "FusumaOpenOffsetX": 24,
      "FusumaOpenOffsetY": 509,
      "FusumaImgPNG": "img009_C_008.png",
      "FusumaImgIMGCUT": "img009_Event01.imgcut",
      "BannerImgPNG": "event_bnr_C_008.png",
      "BannerImgIMGCUT": "event_bnr00.imgcut",
      "PercentBanner": 50
    },
    "2021": {
      "FusumaOpenOffsetX": 24,
      "FusumaOpenOffsetY": 509,
      "FusumaImgPNG": "img009_C_021.png",
      "FusumaImgIMGCUT": "img009_Event01.imgcut",
      "BannerImgPNG": "event_bnr_C_021.png",
      "BannerImgIMGCUT": "event_bnr00.imgcut",
      "PercentBanner": 50
    },
    "2029": {
      "FusumaSE": [
        56
      ],
      "FusumaOpenOffsetX": 0,
      "FusumaOpenOffsetY": 458,
      "FusumaImgPNG": "img009_C_029.png",
      "FusumaImgIMGCUT": "img009_Event00.imgcut",
      "BannerImgPNG": "event_bnr_C_029.png",
      "BannerImgIMGCUT": "event_bnr00.imgcut",
      "PercentBanner": 100,
      "NekoBageImg": "C_029"
    },
    "2031": {
      "FusumaSE": [
        -1
      ],
      "FusumaOpenOffsetX": 0,
      "FusumaOpenOffsetY": 458,
      "FusumaImgPNG": "img009_C_031.png",
      "FusumaImgIMGCUT": "img009_Event00.imgcut",
      "BannerImgPNG": "event_bnr_C_031.png",
      "BannerImgIMGCUT": "event_bnr00.imgcut",
      "PercentBanner": 100,
      "NekoBageImg": "C_031",
      "TitleImgBG": "_C_031",
      "TitleImgLogo": "_C_031",
      "PercentTitle": 50
    },
    "2038": {
      "FusumaOpenOffsetX": 0,
      "FusumaOpenOffsetY": 458,
      "BannerImgPNG": "event_bnr_C_038.png",
      "BannerImgIMGCUT": "event_bnr00.imgcut",
      "PercentBanner": 50
    },
    "1127": {
      "FusumaOpenOffsetX": 0,
      "FusumaOpenOffsetY": 458,
      "FusumaImgPNG": "img009_S_127.png",
      "FusumaImgIMGCUT": "img009_Event00.imgcut",
      "NekoBageImg": "S_127"
    },
    "2041": {
      "FusumaOpenOffsetX": 0,
      "FusumaOpenOffsetY": 458,
      "FusumaImgPNG": "img009_C_041.png",
      "FusumaImgIMGCUT": "img009_Event00.imgcut",
      "BannerImgPNG": "event_bnr_C_041.png",
      "BannerImgIMGCUT": "event_bnr00.imgcut",
      "PercentBanner": 50
    },
    "2052": {
      "FusumaSE": [
        -1
      ],
      "FusumaOpenOffsetX": 0,
      "FusumaOpenOffsetY": 458,
      "FusumaImgPNG": "img009_C_052.png",
      "FusumaImgIMGCUT": "img009_Event00.imgcut",
      "BannerImgPNG": "event_bnr_C_052.png",
      "BannerImgIMGCUT": "event_bnr00.imgcut",
      "PercentBanner": 100,
      "NekoBageImg": "C_052"
    },
    "1156": {
      "FusumaOpenOffsetX": 0,
      "FusumaOpenOffsetY": 458,
      "FusumaImgPNG": "img009_S_156.png",
      "FusumaImgIMGCUT": "img009_Event00.imgcut",
      "NekoBageImg": "S_156",
      "TitleImgLogo": "_S_156",
      "PercentTitle": 100
    },
    "2058": {
      "FusumaOpenOffsetX": 0,
      "FusumaOpenOffsetY": 458,
      "FusumaImgPNG": "img009_C_058.png",
      "FusumaImgIMGCUT": "img009_Event00.imgcut",
      "BannerImgPNG": "event_bnr_C_058.png",
      "BannerImgIMGCUT": "event_bnr00.imgcut",
      "PercentBanner": 100,
      "NekoBageImg": "C_058"
    },
    "2064": {
      "FusumaOpenOffsetX": 0,
      "FusumaOpenOffsetY": 458,
      "BannerImgPNG": "event_bnr_C_064.png",
      "BannerImgIMGCUT": "event_bnr00.imgcut",
      "PercentBanner": 50
    },
    "2065": {
      "FusumaOpenOffsetX": 0,
      "FusumaOpenOffsetY": 458,
      "FusumaImgPNG": "img009_C_065.png",
      "FusumaImgIMGCUT": "img009_Event00.imgcut",
      "BannerImgPNG": "event_bnr_C_065.png",
      "BannerImgIMGCUT": "event_bnr00.imgcut",
      "PercentBanner": 50,
      "TitleImgBG": "_C_065",
      "TitleImgLogo": "_C_065",
      "PercentTitle": 50
    },
    "2067": {
      "eventWeight": 1,
      "priority": 1,
      "FusumaSE": [
        -1
      ],
      "FusumaOpenOffsetX": 0,
      "FusumaOpenOffsetY": 458,
      "FusumaImgPNG": "img009_C_065.png",
      "FusumaImgIMGCUT": "img009_Event00.imgcut",
      "BannerImgPNG": "event_bnr_C_065.png",
      "BannerImgIMGCUT": "event_bnr00.imgcut",
      "PercentBanner": 20,
      "NekoBageImg": "C_065",
      "NekoBageBgm": 76,
      "TitleImgBG": "_C_065",
      "TitleImgLogo": "_C_065",
      "PercentTitle": 100
    },
    "2068": {
      "eventWeight": 1,
      "priority": 1,
      "FusumaSE": [
        -1
      ],
      "FusumaOpenOffsetX": 0,
      "FusumaOpenOffsetY": 458,
      "FusumaImgPNG": "img009_C_065.png",
      "FusumaImgIMGCUT": "img009_Event00.imgcut",
      "BannerImgPNG": "event_bnr_C_065.png",
      "BannerImgIMGCUT": "event_bnr00.imgcut",
      "PercentBanner": 20,
      "NekoBageImg": "C_065",
      "NekoBageBgm": 76,
      "TitleImgBG": "_C_065",
      "TitleImgLogo": "_C_065",
      "PercentTitle": 100
    },
    "2069": {
      "FusumaOpenOffsetX": 0,
      "FusumaOpenOffsetY": 458,
      "FusumaImgPNG": "img009_C_069.png",
      "FusumaImgIMGCUT": "img009_Event00.imgcut",
      "BannerImgPNG": "event_bnr_C_069.png",
      "BannerImgIMGCUT": "event_bnr00.imgcut",
      "PercentBanner": 100,
      "NekoBageImg": "C_069"
    },
    "2079": {
      "FusumaOpenOffsetX": 0,
      "FusumaOpenOffsetY": 458,
      "BannerImgPNG": "event_bnr_C_079.png",
      "BannerImgIMGCUT": "event_bnr00.imgcut",
      "PercentBanner": 50
    },
    "1183": {
      "FusumaOpenOffsetX": 0,
      "FusumaOpenOffsetY": 458,
      "FusumaImgPNG": "img009_S_183.png",
      "FusumaImgIMGCUT": "img009_Event00.imgcut",
      "NekoBageImg": "S_183",
      "TitleImgLogo": "_S_183",
      "PercentTitle": 100
    },
    "2088": {
      "FusumaOpenOffsetX": 0,
      "FusumaOpenOffsetY": 458,
      "BannerImgPNG": "event_bnr_C_011.png",
      "BannerImgIMGCUT": "event_bnr00.imgcut",
      "PercentBanner": 50
    },
    "2092": {
      "FusumaOpenOffsetX": 0,
      "FusumaOpenOffsetY": 458,
      "FusumaImgPNG": "img009_C_092.png",
      "FusumaImgIMGCUT": "img009_Event00.imgcut",
      "BannerImgPNG": "event_bnr_C_092.png",
      "BannerImgIMGCUT": "event_bnr00.imgcut",
      "PercentBanner": 50
    },
    "2098": {
      "eventWeight": 2,
      "priority": 1,
      "FusumaOpenOffsetX": 0,
      "FusumaOpenOffsetY": 458,
      "FusumaImgPNG": "img009_C_013.png",
      "FusumaImgIMGCUT": "img009_Event00.imgcut",
      "BannerImgPNG": "event_bnr_C_013.png",
      "BannerImgIMGCUT": "event_bnr00.imgcut",
      "PercentBanner": 50
    },
    "2075": {
      "eventWeight": 1,
      "priority": 1,
      "FusumaOpenOffsetX": 0,
      "FusumaOpenOffsetY": 458,
      "FusumaImgPNG": "img009_C_013.png",
      "FusumaImgIMGCUT": "img009_Event00.imgcut",
      "BannerImgPNG": "event_bnr_C_013.png",
      "BannerImgIMGCUT": "event_bnr00.imgcut",
      "PercentBanner": 50,
      "NekoBageBgm": 121
    },
    "1204": {
      "eventWeight": 1,
      "priority": 2,
      "FusumaOpenOffsetX": 0,
      "FusumaOpenOffsetY": 458,
      "FusumaImgPNG": "img009_C_101.png",
      "FusumaImgIMGCUT": "img009_Event00.imgcut",
      "BannerImgPNG": "event_bnr_C_065.png",
      "BannerImgIMGCUT": "event_bnr00.imgcut",
      "PercentBanner": 50,
      "NekoBageBgm": 88,
      "TitleImgBG": "_C_065",
      "TitleImgLogo": "_C_065",
      "PercentTitle": 50
    },
    "2102": {
      "eventWeight": 1,
      "priority": 3,
      "FusumaSE": [
        -1
      ],
      "FusumaOpenOffsetX": 0,
      "FusumaOpenOffsetY": 458,
      "FusumaImgPNG": "img009_C_101.png",
      "FusumaImgIMGCUT": "img009_Event00.imgcut",
      "BannerImgPNG": "event_bnr_C_065.png",
      "BannerImgIMGCUT": "event_bnr00.imgcut",
      "PercentBanner": 50,
      "NekoBageImg": "C_102",
      "NekoBageBgm": 76,
      "TitleImgBG": "_C_065",
      "TitleImgLogo": "_C_065",
      "PercentTitle": 100
    },
    "2105": {
      "eventWeight": 1,
      "priority": 2,
      "FusumaOpenOffsetX": 0,
      "FusumaOpenOffsetY": 458,
      "BannerImgPNG": "event_bnr_C_105.png",
      "BannerImgIMGCUT": "event_bnr00.imgcut",
      "PercentBanner": 50
    },
    "24012": {
      "FusumaSE": [
        -1
      ],
      "FusumaOpenOffsetX": 0,
      "FusumaOpenOffsetY": 458,
      "NekoBageImg": "A_012"
    },
    "1225": {
      "FusumaOpenOffsetX": 0,
      "FusumaOpenOffsetY": 458,
      "FusumaImgPNG": "img009_S_225.png",
      "FusumaImgIMGCUT": "img009_Event00.imgcut"
    },
    "2126": {
      "eventWeight": 2,
      "priority": 2,
      "PopUpGetSE": 116,
      "FusumaSE": [
        114,
        114,
        114,
        114,
        114,
        114,
        114,
        114,
        114,
        115
      ],
      "FusumaOpenOffsetX": 0,
      "FusumaOpenOffsetY": 458,
      "FusumaImgPNG": "img009_C_126.png",
      "FusumaImgIMGCUT": "img009_Event00.imgcut",
      "BannerImgPNG": "event_bnr_C_126.png",
      "BannerImgIMGCUT": "event_bnr00.imgcut",
      "PercentBanner": 50,
      "NekoBageImg": "C_126",
      "NekoBageBgm": 113
    },
    "2135": {
      "eventWeight": 1,
      "priority": 1,
      "FusumaSE": [
        92,
        93,
        94,
        95,
        96
      ],
      "FusumaOpenOffsetX": 0,
      "FusumaOpenOffsetY": 458,
      "FusumaImgPNG": "img009_C_107.png",
      "FusumaImgIMGCUT": "img009_Event00.imgcut",
      "BannerImgPNG": "event_bnr_C_107.png",
      "BannerImgIMGCUT": "event_bnr00.imgcut",
      "PercentBanner": 50,
      "NekoBageImg": "C_107",
      "NekoBageBgm": 91,
      "TitleImgBG": "_C_107",
      "TitleImgLogo": "_C_107",
      "PercentTitle": 50,
      "SelectStageImg": "C_107",
      "SelectStageImgReverse": 1,
      "BattleStartSE": 105,
      "BattleFinishWinSEtype": 1,
      "BattleFinishWinSE": [
        106,
        8
      ],
      "BattleFinishLoseSEtype": 1,
      "BattleFinishLoseSE": [
        106,
        9
      ]
    },
    "2136": {
      "FusumaOpenOffsetX": 0,
      "FusumaOpenOffsetY": 458,
      "SelectStageImg": "C_107",
      "SelectStageImgReverse": 1,
      "BattleStartSE": 105,
      "BattleFinishWinSEtype": 1,
      "BattleFinishWinSE": [
        106,
        8
      ],
      "BattleFinishLoseSEtype": 1,
      "BattleFinishLoseSE": [
        106,
        9
      ]
    },
    "2137": {
      "FusumaOpenOffsetX": 0,
      "FusumaOpenOffsetY": 458,
      "SelectStageImg": "C_107",
      "SelectStageImgReverse": 1,
      "BattleStartSE": 105,
      "BattleFinishWinSEtype": 1,
      "BattleFinishWinSE": [
        106,
        8
      ],
      "BattleFinishLoseSEtype": 1,
      "BattleFinishLoseSE": [
        106,
        9
      ]
    },
    "2138": {
      "FusumaOpenOffsetX": 0,
      "FusumaOpenOffsetY": 458,
      "SelectStageImg": "C_107",
      "SelectStageImgReverse": 1,
      "BattleStartSE": 105,
      "BattleFinishWinSEtype": 1,
      "BattleFinishWinSE": [
        106,
        8
      ],
      "BattleFinishLoseSEtype": 1,
      "BattleFinishLoseSE": [
        106,
        9
      ]
    },
    "2139": {
      "FusumaOpenOffsetX": 0,
      "FusumaOpenOffsetY": 458,
      "SelectStageImg": "C_107",
      "SelectStageImgReverse": 1,
      "BattleStartSE": 105,
      "BattleFinishWinSEtype": 1,
      "BattleFinishWinSE": [
        106,
        8
      ],
      "BattleFinishLoseSEtype": 1,
      "BattleFinishLoseSE": [
        106,
        9
      ]
    },
    "2140": {
      "FusumaOpenOffsetX": 0,
      "FusumaOpenOffsetY": 458,
      "SelectStageImg": "C_107",
      "SelectStageImgReverse": 1,
      "BattleStartSE": 105,
      "BattleFinishWinSEtype": 1,
      "BattleFinishWinSE": [
        106,
        8
      ],
      "BattleFinishLoseSEtype": 1,
      "BattleFinishLoseSE": [
        106,
        9
      ]
    },
    "2141": {
      "FusumaOpenOffsetX": 0,
      "FusumaOpenOffsetY": 458,
      "SelectStageImg": "C_107",
      "SelectStageImgReverse": 1,
      "BattleStartSE": 105,
      "BattleFinishWinSEtype": 1,
      "BattleFinishWinSE": [
        106,
        8
      ],
      "BattleFinishLoseSEtype": 1,
      "BattleFinishLoseSE": [
        106,
        9
      ]
    },
    "2142": {
      "FusumaOpenOffsetX": 0,
      "FusumaOpenOffsetY": 458,
      "SelectStageImg": "C_107",
      "SelectStageImgReverse": 1,
      "BattleStartSE": 105,
      "BattleFinishWinSEtype": 1,
      "BattleFinishWinSE": [
        106,
        8
      ],
      "BattleFinishLoseSEtype": 1,
      "BattleFinishLoseSE": [
        106,
        9
      ]
    },
    "2143": {
      "FusumaOpenOffsetX": 0,
      "FusumaOpenOffsetY": 458,
      "SelectStageImg": "C_107",
      "SelectStageImgReverse": 1,
      "BattleStartSE": 105,
      "BattleFinishWinSEtype": 1,
      "BattleFinishWinSE": [
        106,
        8
      ],
      "BattleFinishLoseSEtype": 1,
      "BattleFinishLoseSE": [
        106,
        9
      ]
    },
    "2144": {
      "FusumaOpenOffsetX": 0,
      "FusumaOpenOffsetY": 458,
      "SelectStageImg": "C_107",
      "SelectStageImgReverse": 1,
      "BattleStartSE": 105,
      "BattleFinishWinSEtype": 1,
      "BattleFinishWinSE": [
        106,
        8
      ],
      "BattleFinishLoseSEtype": 1,
      "BattleFinishLoseSE": [
        106,
        9
      ]
    },
    "2145": {
      "FusumaOpenOffsetX": 0,
      "FusumaOpenOffsetY": 458,
      "SelectStageImg": "C_107",
      "SelectStageImgReverse": 1,
      "BattleStartSE": 105,
      "BattleFinishWinSEtype": 1,
      "BattleFinishWinSE": [
        106,
        8
      ],
      "BattleFinishLoseSEtype": 1,
      "BattleFinishLoseSE": [
        106,
        9
      ]
    },
    "2146": {
      "FusumaOpenOffsetX": 0,
      "FusumaOpenOffsetY": 458,
      "SelectStageImg": "C_107",
      "SelectStageImgReverse": 1,
      "BattleStartSE": 105,
      "BattleFinishWinSEtype": 1,
      "BattleFinishWinSE": [
        106,
        8
      ],
      "BattleFinishLoseSEtype": 1,
      "BattleFinishLoseSE": [
        106,
        9
      ]
    },
    "2147": {
      "FusumaOpenOffsetX": 0,
      "FusumaOpenOffsetY": 458,
      "SelectStageImg": "C_107",
      "SelectStageImgReverse": 1,
      "BattleStartSE": 105,
      "BattleFinishWinSEtype": 1,
      "BattleFinishWinSE": [
        106,
        8
      ],
      "BattleFinishLoseSEtype": 1,
      "BattleFinishLoseSE": [
        106,
        9
      ]
    },
    "2148": {
      "FusumaOpenOffsetX": 0,
      "FusumaOpenOffsetY": 458,
      "SelectStageImg": "C_107",
      "SelectStageImgReverse": 1,
      "BattleStartSE": 105,
      "BattleFinishWinSEtype": 1,
      "BattleFinishWinSE": [
        106,
        8
      ],
      "BattleFinishLoseSEtype": 1,
      "BattleFinishLoseSE": [
        106,
        9
      ]
    },
    "2149": {
      "FusumaOpenOffsetX": 0,
      "FusumaOpenOffsetY": 458,
      "SelectStageImg": "C_107",
      "SelectStageImgReverse": 1,
      "BattleStartSE": 105,
      "BattleFinishWinSEtype": 1,
      "BattleFinishWinSE": [
        106,
        8
      ],
      "BattleFinishLoseSEtype": 1,
      "BattleFinishLoseSE": [
        106,
        9
      ]
    },
    "2150": {
      "FusumaOpenOffsetX": 0,
      "FusumaOpenOffsetY": 458,
      "SelectStageImg": "C_107",
      "SelectStageImgReverse": 1,
      "BattleStartSE": 105,
      "BattleFinishWinSEtype": 1,
      "BattleFinishWinSE": [
        106,
        8
      ],
      "BattleFinishLoseSEtype": 1,
      "BattleFinishLoseSE": [
        106,
        9
      ]
    },
    "2151": {
      "FusumaOpenOffsetX": 0,
      "FusumaOpenOffsetY": 458,
      "SelectStageImg": "C_107",
      "SelectStageImgReverse": 1,
      "BattleStartSE": 105,
      "BattleFinishWinSEtype": 1,
      "BattleFinishWinSE": [
        106,
        8
      ],
      "BattleFinishLoseSEtype": 1,
      "BattleFinishLoseSE": [
        106,
        9
      ]
    },
    "2152": {
      "FusumaOpenOffsetX": 0,
      "FusumaOpenOffsetY": 458,
      "SelectStageImg": "C_107",
      "SelectStageImgReverse": 1,
      "BattleStartSE": 105,
      "BattleFinishWinSEtype": 1,
      "BattleFinishWinSE": [
        106,
        8
      ],
      "BattleFinishLoseSEtype": 1,
      "BattleFinishLoseSE": [
        106,
        9
      ]
    },
    "2153": {
      "FusumaOpenOffsetX": 0,
      "FusumaOpenOffsetY": 458,
      "SelectStageImg": "C_107",
      "SelectStageImgReverse": 1,
      "BattleStartSE": 105,
      "BattleFinishWinSEtype": 1,
      "BattleFinishWinSE": [
        106,
        8
      ],
      "BattleFinishLoseSEtype": 1,
      "BattleFinishLoseSE": [
        106,
        9
      ]
    },
    "2154": {
      "FusumaOpenOffsetX": 0,
      "FusumaOpenOffsetY": 458,
      "SelectStageImg": "C_107",
      "SelectStageImgReverse": 1,
      "BattleStartSE": 105,
      "BattleFinishWinSEtype": 1,
      "BattleFinishWinSE": [
        106,
        8
      ],
      "BattleFinishLoseSEtype": 1,
      "BattleFinishLoseSE": [
        106,
        9
      ]
    },
    "2155": {
      "FusumaOpenOffsetX": 0,
      "FusumaOpenOffsetY": 458,
      "SelectStageImg": "C_107",
      "SelectStageImgReverse": 1,
      "BattleStartSE": 105,
      "BattleFinishWinSEtype": 1,
      "BattleFinishWinSE": [
        106,
        8
      ],
      "BattleFinishLoseSEtype": 1,
      "BattleFinishLoseSE": [
        106,
        9
      ]
    },
    "2156": {
      "FusumaOpenOffsetX": 0,
      "FusumaOpenOffsetY": 458,
      "SelectStageImg": "C_107",
      "SelectStageImgReverse": 1,
      "BattleStartSE": 105,
      "BattleFinishWinSEtype": 1,
      "BattleFinishWinSE": [
        106,
        8
      ],
      "BattleFinishLoseSEtype": 1,
      "BattleFinishLoseSE": [
        106,
        9
      ]
    },
    "2157": {
      "FusumaOpenOffsetX": 0,
      "FusumaOpenOffsetY": 458,
      "SelectStageImg": "C_107",
      "SelectStageImgReverse": 1,
      "BattleStartSE": 105,
      "BattleFinishWinSEtype": 1,
      "BattleFinishWinSE": [
        106,
        8
      ],
      "BattleFinishLoseSEtype": 1,
      "BattleFinishLoseSE": [
        106,
        9
      ]
    },
    "2158": {
      "FusumaOpenOffsetX": 0,
      "FusumaOpenOffsetY": 458,
      "SelectStageImg": "C_107",
      "SelectStageImgReverse": 1,
      "BattleStartSE": 105,
      "BattleFinishWinSEtype": 1,
      "BattleFinishWinSE": [
        106,
        8
      ],
      "BattleFinishLoseSEtype": 1,
      "BattleFinishLoseSE": [
        106,
        9
      ]
    },
    "2159": {
      "FusumaOpenOffsetX": 0,
      "FusumaOpenOffsetY": 458,
      "SelectStageImg": "C_107",
      "SelectStageImgReverse": 1,
      "BattleStartSE": 105,
      "BattleFinishWinSEtype": 1,
      "BattleFinishWinSE": [
        106,
        8
      ],
      "BattleFinishLoseSEtype": 1,
      "BattleFinishLoseSE": [
        106,
        9
      ]
    },
    "2160": {
      "FusumaOpenOffsetX": 0,
      "FusumaOpenOffsetY": 458,
      "SelectStageImg": "C_107",
      "SelectStageImgReverse": 1,
      "BattleStartSE": 105,
      "BattleFinishWinSEtype": 1,
      "BattleFinishWinSE": [
        106,
        8
      ],
      "BattleFinishLoseSEtype": 1,
      "BattleFinishLoseSE": [
        106,
        9
      ]
    },
    "2161": {
      "FusumaOpenOffsetX": 0,
      "FusumaOpenOffsetY": 458,
      "SelectStageImg": "C_107",
      "SelectStageImgReverse": 1,
      "BattleStartSE": 105,
      "BattleFinishWinSEtype": 1,
      "BattleFinishWinSE": [
        106,
        8
      ],
      "BattleFinishLoseSEtype": 1,
      "BattleFinishLoseSE": [
        106,
        9
      ]
    },
    "2162": {
      "FusumaOpenOffsetX": 0,
      "FusumaOpenOffsetY": 458,
      "SelectStageImg": "C_107",
      "SelectStageImgReverse": 1,
      "BattleStartSE": 105,
      "BattleFinishWinSEtype": 1,
      "BattleFinishWinSE": [
        106,
        8
      ],
      "BattleFinishLoseSEtype": 1,
      "BattleFinishLoseSE": [
        106,
        9
      ]
    },
    "11018": {
      "FusumaOpenOffsetX": 0,
      "FusumaOpenOffsetY": 458,
      "BattleStartSE": 105,
      "BattleFinishWinSE": [
        57
      ],
      "BattleFinishLoseSE": [
        57
      ]
    }
  }
}
