id	enable	display	server	productName	HTMLName	priority	ItemCategory1	ItemID1	Quantity1	ItemCategory2	ItemID2	Quantity2	ItemCategory3	ItemID3	Quantity3	ItemCategory4	ItemID4	Quantity4	ItemCategory5	ItemID5	Quantity5	ItemCategory6	ItemID6	Quantity6	ItemCategory7	ItemID7	Quantity7	ItemCategory8	ItemID8	Quantity8
0	1	0	800	item_pack1	ouensale_pack	10	0	22	160	0	6	30000	0	1	1	0	5	1
1	1	0	800	item_pack2	ouensale_pack	10	0	22	400	0	6	50000	0	1	2	0	2	2	0	5	2
2	1	0	800	item_pack3	ouensale_pack	10	0	22	1100	0	6	100000	0	1	4	0	2	4	0	4	4	0	5	4
3	1	0	801	matatabi_set1	genteisale_pack	40	0	22	900	0	6	100000	0	36	1	0	37	1	0	39	1	0	38	1	0	35	1
4	1	0	801	matatabi_set2	genteisale_pack	40	0	22	1900	0	6	500000	0	36	1	0	37	1	0	39	1	0	38	1	0	35	1	0	40	1
5	1	0	801	matatabi_set3	genteisale_pack	40	0	22	4000	0	6	1000000	0	36	2	0	37	2	0	39	2	0	38	2	0	35	2	0	40	2
6	1	0	802	rare_ticket	rare_ticket	30	0	21	1
7	1	0	803	platinum_ticket	intro_platinum	50	0	29	1	0	22	100	0	6	100000
23	1	3	810	nekokan_pack1	introduction	20	0	22	160	0	6	30000	0	1	1	0	5	1
24	1	3	810	nekokan_pack2	introduction	20	0	22	400	0	6	50000	0	1	2	0	2	2	0	5	2
25	1	3	810	nekokan_pack3	introduction	20	0	22	1100	0	6	100000	0	1	4	0	2	4	0	4	4	0	5	4
8	1	2	-1	rankup_sale1	rankup	-1	0	22	160
9	1	2	-1	rankup_sale2	rankup	-1	0	6	150000
10	1	2	-1	rankup_sale3	rankup	-1	0	0	10	0	3	10	0	1	1
11	1	0	804	platinum_ticket2	intro_platinum_beginner	51	0	29	1	0	22	100	0	0	1	0	1	1	0	2	1	0	3	1	0	4	1	0	5	1
12	0	0	805	chara_479	intro_chara479	70	1	479	1	0	22	30
13	1	0	806	chara_498	shakurel_pack	71	1	498	1	0	22	300
14	1	0	806	chara_499	shakurel_pack	71	1	499	1	0	22	400
15	1	0	806	chara_500	shakurel_pack	71	1	500	1	0	22	500
16	1	1	807	restart	intro_restart	-1	0	123	1
17	1	0	812	daikansha_set	special_set_daikansha	100	0	22	777	0	21	7
18	1	0	813	super_set1	special_set_chogentei	90	0	22	1200	0	21	1	0	6	500000
19	1	0	813	super_set2	special_set_chogentei	90	0	22	2200	0	21	3	0	6	1000000
20	1	0	813	super_set3	special_set_chogentei	90	0	22	4600	0	29	1	0	6	2000000
21	1	0	809	blackfriday_set	intro_blackfriday_set	91	0	22	777	0	21	7
22	1	0	809	platinum_ticket3	intro_blackfriday_set	91	0	29	1	0	22	100	0	6	100000
26	1	3	811	premium_sale1_2	intro_premium_sale	60	0	29	1	0	6	2000000
27	1	0	814	chara_558	intro_chara558	72	1	558	1	0	22	750	0	6	1000000
28	0	0	815	chara_567	intro_chara567	73	1	567	1	0	22	50	0	6	300000
29	0	0	816	legend_ticket	intro_legend_ticket	80	0	145	1
30	1	0	817			22
31	1	0	818			21
32	1	4	819	otasuke_sale1	otasuke_sale	10	0	151	1	0	105	1
33	1	4	819	otasuke_sale2	otasuke_sale	10	0	152	1	0	105	1
34	1	4	819	otasuke_sale3	otasuke_sale	10	0	153	1	0	105	1
